{"cameraMode":{"drawMode":0,"name":"Shaded","section":"Shading Mode"},"sceneLighting":true,"audioPlay":false,"sceneViewState":{"m_AlwaysRefresh":false,"showFog":true,"showSkybox":true,"showFlares":true,"showImageEffects":true,"showParticleSystems":true,"showVisualEffectGraphs":true,"m_FxEnabled":true},"in2DMode":false,"pivot":{"x":21.97144889831543,"y":5.697601318359375,"z":0.21892786026000977},"rotation":{"x":-0.03580285981297493,"y":0.6938701868057251,"z":-0.053743671625852588,"w":-0.7189741730690002},"size":1.1141141653060914,"orthographic":false}